Crime,Crime Type
aggravated-assault,
all-offenses,
all-other-larceny,
animal-cruelty,
arson,
assault-offenses,
assisting-or-promoting-prostitution,
betting,
bribery,
burglary-breaking-and-entering,
counterfeiting-forgery,
credit-card-automated-teller-machine-fraud,
crime-against-person,
crime-against-property,
crime-against-society,
destruction-damage-vandalism-of-property,
drug-equipment-violations,
drug-violations,
embezzlement,
extortion-blackmail,
false-pretenses-swindle-confidence-game,
fondling,
gambling-equipment-violation,
gambling-offenses,
hacking-computer-invasion,
homicide-offenses,
human-trafficking-commerical-involuntary-servitude,
human-trafficking-commerical-sex-acts,
human-trafficking-offenses,
identity-theft,
impersonation,
incest,
intimidation,
justifiable-homicide,
kidnapping-abduction,
larceny-theft-offenses,
motor-vehicle-theft,
murder-and-nonnegligent-manslaughter,
negligent-manslaughter,
operating-promoting-assiting-gambling,
pocket-picking,
pornography-obscence-material,
prostitution,
prostitution-offenses,
purchasing-prostitution,
purse-snatching,
rape,
robbery,
sex-offenses,
sex-offenses-non-forcible,
sexual-assult-with-an-object,
shoplifting,
simple-assault,
sodomy,
sports-tampering,
statutory-rape,
stolen-property-offenses,
theft-from-building,
theft-from-coin-operated-machine-or-device,
theft-from-motor-vehicle,
theft-of-motor-vehicle-parts-or-accessories,
weapon-law-violation,
welfare-fraud,
wire-fraud,
